Fisher_product_category,Fisher_product_sub_category,Fisher_product_id,Fisher_product_name,Fisher_product_quantity,Fisher_product_price,Fisher_product_url
3D Printing Equipment,3D Printer Accessories,01-257-118,"Corning™ Standard Conical Bioprinting Nozzles, Corning™ 6167, 22 G, 410 μm, Blue",50,$ 45.86,https://www.fishersci.com/shop/products/standard-conical-bioprinting-nozzles-3/01257118
3D Printing Equipment,3D Printer Accessories,01-257-117,"Corning™ Standard Conical Bioprinting Nozzles, Corning™ 6166, 25 G, 250 μm, Red",50,$ 45.86,https://www.fishersci.com/shop/products/standard-conical-bioprinting-nozzles-3/01257117
3D Printing Equipment,3D Printer Accessories,01-257-115,"Corning™ Standard Conical Bioprinting Nozzles, Corning™ 6165, 27 G, 200 μm, Clear",50,$ 45.86,https://www.fishersci.com/shop/products/standard-conical-bioprinting-nozzles-3/01257115
3D Printing Equipment,3D Printer Accessories,01-257-119,Corning™ Pluronics Sacrificial Ink for Matribot™ Bioprinter,5,$ 75.56,https://www.fishersci.com/shop/products/pluronics-sacrificial-ink-matribot-bioprinter/01257119#?keyword=
3D Printing Equipment,3D Printer Accessories,01-257-116,Corning™ Starter Sacrificial Inks for Matribot™ Bioprinter,10,$ 228.29,https://www.fishersci.com/shop/products/starter-sacrificial-inks-matribot-bioprinter/01257116#?keyword=
3D Printing Equipment,3D Printer Accessories,NC1951633,Formlabs Inc Form 3 Resin Tank,1,$ 178.80,https://www.fishersci.com/shop/products/form-3-resin-tank-v2-1/NC1951633#?keyword=
3D Printing Equipment,3D Printer Accessories,NC1774476,Formlabs Inc FINISH KIT FOR THE FORM 3,1,$ 120.00,https://www.fishersci.com/shop/products/finish-kit-for-the-form-3/NC1774476#?keyword=
3D Printing Equipment,3D Printer Accessories,NC1774480,Formlabs Inc BUILD PLATFORM FOR THE 3L,1,$ 418.80,https://www.fishersci.com/shop/products/build-platform-for-the-3l/NC1774480#?keyword=
3D Printing Equipment,3D Printer Accessories,NC1473342,Design Point Solutions ONYX FILAMENT SPOOL (800 CM3),1,$ 228.00,https://www.fishersci.com/shop/products/onyx-filament-spool-800-cm3/NC1473342#?keyword=
3D Printing Equipment,3D Printer Accessories,NC1790756,IMPAC SYSTEMS ENGINEERING HP 3D700 Detailing Agent 5L,1,$ 2056.10,https://www.fishersci.com/shop/products/deatailing-agent/NC1790756#?keyword=
3D Printing Equipment,3D Printer Accessories,NC1790750,"IMPAC SYSTEMS ENGINEERING HP Dust Extractor Filter, 2 per set",1,$ 375.84,https://www.fishersci.com/shop/products/dust-extractor-filter/NC1790750#?keyword=
3D Printing Equipment,3D Printer Accessories,NC2331570,RAISE3D TECHNOLOGIES INC BONDTECH DUAL EXTRUDER,1,$ 259.60,https://www.fishersci.com/shop/products/bondtech-dual-extruder/NC2331570#?keyword=
3D Printing Equipment,3D Printer Accessories,NC2331564,RAISE3D TECHNOLOGIES INC HOT END SILICON COVER,1,$ 31.49,https://www.fishersci.com/shop/products/hot-end-silicon-cover/NC2331564#?keyword=
3D Printing Equipment,3D Printer Accessories,NC1790754,IMPAC SYSTEMS ENGINEERING PRINT HEADS,1,$ 1169.64,https://www.fishersci.com/shop/products/print-heads/NC1790754#?keyword=
3D Printing Equipment,3D Printer Accessories,NC1462740,Formlabs Inc GREY RESIN 1L,1,$ 178.80,https://www.fishersci.com/shop/products/grey-resin-1l/NC1462740#?keyword=
3D Printing Equipment,3D Printer Accessories,NC1462744,Formlabs Inc FORM WASH,1,$ 741.00,https://www.fishersci.com/shop/products/form-wash/NC1462744#?keyword=
3D Printing Equipment,3D Printer Accessories,NC1650536,Formlabs Inc FORM CURE,1,$ 855.00,https://www.fishersci.com/shop/products/form-cure/NC1650536#?keyword=
3D Printing Equipment,3D Printer Accessories,NC1790745,IMPAC SYSTEMS ENGINEERING CLEANING CLOTH,1,$ 573.48,https://www.fishersci.com/shop/products/cleaning-cloth/NC1790745#?keyword=
3D Printing Equipment,3D Printer Accessories,NC1451389,Formlabs Inc RESIN TANK,1,$ 77.00,https://www.fishersci.com/shop/products/resin-tank/NC1451389#?keyword=
3D Printing Equipment,3D Printer Accessories,NC1774474,Formlabs Inc BUILD PLATFORM FOR THE FORM 3,1,$ 118.80,https://www.fishersci.com/shop/products/build-platform-for-the-form-3/NC1774474#?keyword=
3D Printing Equipment,3D Printer Accessories,NC1719494,Formlabs Inc ELASTIC RESIN 1L,1,$ 238.80,https://www.fishersci.com/shop/products/elastic-resin-1l/NC1719494#?keyword=
3D Printing Equipment,3D Printer Accessories,50-450-573,"Analytical Sales & Services Micro FerrµLe For 1/32"" OD Tubing",1,$ 28.80,https://www.fishersci.com/shop/products/buy-build-into-55113x/50450573#?keyword=
3D Printing Equipment,3D Printer Accessories,NC1717330,IMAKR DELTAWASP SPITFIRE CORE HT.4MM,,,https://www.fishersci.com/shop/products/deltawasp-spitfire-core-ht-4mm/NC1717330#?keyword=
3D Printing Equipment,3D Printer Accessories,NC1790742,IMPAC SYSTEMS ENGINEERING HP 3D HR PA12 300L/130KG,1,$ 8981.28,https://www.fishersci.com/shop/products/nylon-powder/NC1790742#?keyword=
3D Printing Equipment,3D Printer Accessories,NC2945578,Tecan EXT WARR INFINITE M200,1,$ 1030.40,https://www.fishersci.com/shop/products/ext-warr-infinite-m200/NC2945578#?keyword=
3D Printing Equipment,3D Printer Accessories,NC2064667,CIMQUEST INC 8WA30A: CLEANING ROLL,1,$ 706.80,https://www.fishersci.com/shop/products/8wa30a-cleaning-roll/NC2064667#?keyword=
3D Printing Equipment,3D Printer Accessories,NC2042677,RAISE3D TECHNOLOGIES INC HOT END SILICONE COVER PRO2,1,$ 31.49,https://www.fishersci.com/shop/products/hot-end-silicone-cover-pro2/NC2042677#?keyword=
3D Printing Equipment,3D Printer Accessories,NC2331560,RAISE3D TECHNOLOGIES INC V2H NOZZLE 0.4 MM,1,$ 35.99,https://www.fishersci.com/shop/products/v2h-nozzle-0-4-mm/NC2331560#?keyword=
3D Printing Equipment,3D Printer Accessories,NC2331565,RAISE3D TECHNOLOGIES INC MOTION BOARD COOLING FAN,1,$ 35.99,https://www.fishersci.com/shop/products/motion-board-cooling-fan/NC2331565#?keyword=
3D Printing Equipment,3D Printer Accessories,NC2331556,RAISE3D TECHNOLOGIES INC V2 HOT END ASSEMBLY,1,$ 94.39,https://www.fishersci.com/shop/products/v2-hot-end-assembly/NC2331556#?keyword=
3D Printing Equipment,3D Printer Accessories,50-223-2242,Enterprise Technology Solutions Matter and Form 3D Scanner V2 with +Quickscan,1,$ 1051.96,https://www.fishersci.com/shop/products/3d-scanner-v2-with-quickscan/502232242#?keyword=
3D Printing Equipment,3D Printer Accessories,NC2064666,CIMQUEST INC V1R30A : PA12 10L/4KG,1,$ 571.12,https://www.fishersci.com/shop/products/v1r30a-pa12-10l-4kg/NC2064666#?keyword=
3D Printing Equipment,3D Printer Accessories,NC1756766,Design Point Solutions DESKTOP SERIES TRUE BED,1,$ 360.00,https://www.fishersci.com/shop/products/desktop-series-true-bed-1/NC1756766#?keyword=
3D Printing Equipment,3D Printer Accessories,NC2231856,Formlabs Inc DRAFT RESIN 1 L,1,$ 178.80,https://www.fishersci.com/shop/products/draft-resin-1-l/NC2231856#?keyword=
3D Printing Equipment,3D Printer Accessories,NC1700848,Cellink Inc F/F LUER LOCK ADAPTER 50PCS,50,$ 154.22,https://www.fishersci.com/shop/products/f-f-luer-lock-adapter-50pcs/NC1700848#?keyword=
3D Printing Equipment,3D Printer Accessories,NC2320065,RAISE3D TECHNOLOGIES INC BUILD PLATE FOR PRO2 PRINTER,1,$ 142.80,https://www.fishersci.com/shop/products/build-plate-for-pro2-printer/NC2320065#?keyword=
3D Printing Equipment,3D Printer Accessories,NC2331571,RAISE3D TECHNOLOGIES INC FILAMENT RUN-OUT SENSOR,1,$ 117.99,https://www.fishersci.com/shop/products/filament-run-out-sensor/NC2331571#?keyword=
3D Printing Equipment,3D Printer Accessories,NC2331572,RAISE3D TECHNOLOGIES INC THERMAL PROTECTOR,1,$ 18.01,https://www.fishersci.com/shop/products/thermal-protector/NC2331572#?keyword=
3D Printing Equipment,3D Printer Accessories,NC2331563,RAISE3D TECHNOLOGIES INC BUILD PLATE FOR N2/N2P,1,$ 62.99,https://www.fishersci.com/shop/products/build-plate-for-n2-n2p/NC2331563#?keyword=
3D Printing Equipment,3D Printer Accessories,S72786,Robo 3D 1 Hour Online Training,,,https://www.fishersci.com/shop/products/1-hour-online-training/S72786#?keyword=
3D Printing Equipment,3D Printer Cartridges and Filaments,NC1470203,Formlabs Inc Clear Resin V4,1,$ 178.80,https://www.fishersci.com/shop/products/clear-resin-1l-1/NC1470203#?keyword=
3D Printing Equipment,3D Printer Cartridges and Filaments,NC2587525,MATTERHACKERS INC ULTIMAKER BLACK TOUGH PLA FILA,1,$ 76.00,https://www.fishersci.com/shop/products/ultimaker-black-tough-pla-fila/NC2587525#?keyword=
3D Printing Equipment,3D Printer Cartridges and Filaments,NC2235399,DYNAMISM INC ULTIMAKER NFC PLA-PEARL WHITE,1,$ 76.00,https://www.fishersci.com/shop/products/ultimaker-nfc-pla-pearl-white/NC2235399#?keyword=
3D Printing Equipment,3D Printer Cartridges and Filaments,NC2873845,MATTERHACKERS INC SMARTFIL PP 1.75MM FILAMENT,1,$ 76.00,https://www.fishersci.com/shop/products/smartfil-pp-1-75mm-filament/NC2873845#?keyword=
3D Printing Equipment,3D Printer Cartridges and Filaments,NC2235400,DYNAMISM INC ULTIMAKER NFC PLA-RED,1,$ 76.00,https://www.fishersci.com/shop/products/ultimaker-nfc-pla-red/NC2235400#?keyword=
3D Printing Equipment,3D Printer Cartridges and Filaments,NC2235401,DYNAMISM INC ULTIMAKER NFC PLA-SILVER MTLIC,1,$ 76.00,https://www.fishersci.com/shop/products/ultimaker-nfc-pla-silver-mtlic/NC2235401#?keyword=
3D Printing Equipment,3D Printer Cartridges and Filaments,NC1585900,DYNAMISM INC FILAMENT ULTIMAKER NFC PLA WH,1,$ 76.00,https://www.fishersci.com/shop/products/filament-ultimaker-nfc-pla-wh/NC1585900#?keyword=
3D Printing Equipment,3D Printer Cartridges and Filaments,NC2429940,DYNAMISM INC POLYMAKER 2.85MM TRUE GRN 1KG,1,$ 47.00,https://www.fishersci.com/shop/products/polymaker-2-85mm-true-grn-1kg/NC2429940#?keyword=
3D Printing Equipment,3D Printer Cartridges and Filaments,NC2059376,DYNAMISM INC ULTIMAKER NFC PLA TRANSPAENT,1,$ 76.00,https://www.fishersci.com/shop/products/ultimaker-nfc-pla-transpaent/NC2059376#?keyword=
3D Printing Equipment,3D Printer Cartridges and Filaments,NC1671121,RAISE3D TECHNOLOGIES INC PREMIUM PC WHITE,1,$ 62.99,https://www.fishersci.com/shop/products/premium-pc-white/NC1671121#?keyword=
3D Printing Equipment,3D Printer Cartridges and Filaments,NC1833403,Formlabs Inc BIOMED CLEAR RESIN 1 L,1,$ 418.80,https://www.fishersci.com/shop/products/biomed-clear-resin-1-l/NC1833403#?keyword=
3D Printing Equipment,3D Printer Cartridges and Filaments,NC2580859,Clontech Labs 3P HIS60 NI SUPERFLOW RESIN 25ML,1,$ 392.69,https://www.fishersci.com/shop/products/his60-ni-superflow-resin-25ml/NC2580859#?keyword=
3D Printing Equipment,3D Printer Cartridges and Filaments,NC1490861,NIKON INSTRUMENTS INC OBJECT MARKER PRINT 1.8MM RED,1,$ 225.50,https://www.fishersci.com/shop/products/object-marker-print-1-8mm-red/NC1490861#?keyword=
3D Printing Equipment,3D Printer Cartridges and Filaments,NC2013275,NIKON INSTRUMENTS INC OBJECT MARKER PURPLE,1,$ 216.00,https://www.fishersci.com/shop/products/object-marker-purple/NC2013275#?keyword=
3D Printing Equipment,3D Printer Cartridges and Filaments,NC2235402,DYNAMISM INC ULTIMAKER NFC PLA-YELLOW,1,$ 76.00,https://www.fishersci.com/shop/products/ultimaker-nfc-pla-yellow/NC2235402#?keyword=
3D Printing Equipment,3D Printer Cartridges and Filaments,50-252-1082,"World Precision Instrument Replacement Heating Filament for MF200 Microforge, Small gauge",1,$ 218.30,https://www.fishersci.com/shop/products/replacement-heating-filament-f-1/502521082#?keyword=
3D Printing Equipment,3D Printer Cartridges and Filaments,50-192-9895,"Electron Microscopy Sciences Polishing Disc Copper Resin, 10"", Metal backing",1,$ 288.65,https://www.fishersci.com/shop/products/polishng-disc-cu-resin-10-mtl/501929895#?keyword=
3D Printing Equipment,3D Printer Cartridges and Filaments,50-190-2735,Electron Microscopy Sciences FIRM Epoxy Resin Sections 10 ML,1,$ 135.11,https://www.fishersci.com/shop/products/firm-epoxy-resin-sectn/501902735#?keyword=
3D Printing Equipment,3D Printer Cartridges and Filaments,NC1886701,Formlabs Inc Tough 1500 Resin 1L,1,$ 238.80,https://www.fishersci.com/shop/products/tough-resin-1l-cartridge/NC1886701#?keyword=
3D Printing Equipment,3D Printer Cartridges and Filaments,NC1855875,Formlabs Inc Flexible 80A Resin | 1L,1,$ 238.80,https://www.fishersci.com/shop/products/flexible-80a-resin-1-l/NC1855875#?keyword=
3D Printing Equipment,3D Printer Cartridges and Filaments,NC2042586,RAISE3D TECHNOLOGIES INC PLA PREMIUM YELLOW,1,$ 49.49,https://www.fishersci.com/shop/products/pla-premium-yellow/NC2042586#?keyword=
3D Printing Equipment,3D Printer Cartridges and Filaments,NC2012476,RAISE3D TECHNOLOGIES INC TPU-95A FILAMNT BLK 1KG 1.75MM,1,$ 94.39,https://www.fishersci.com/shop/products/tpu-95a-filamnt-blk-1kg-1-75mm/NC2012476#?keyword=
3D Printing Equipment,3D Printer Cartridges and Filaments,NC2002293,STRATASYS INC RGD852 VEROMAGENTAV 4 KG,1,$ 1606.26,https://www.fishersci.com/shop/products/rgd852-veromagentav-4-kg/NC2002293#?keyword=
3D Printing Equipment,3D Printer Cartridges and Filaments,NC2002297,STRATASYS INC RGD838 VEROYELLOWV 4 KG,1,$ 1606.26,https://www.fishersci.com/shop/products/rgd838-veroyellowv-4-kg/NC2002297#?keyword=
3D Printing Equipment,3D Printer Cartridges and Filaments,NC2122698,DYNAMISM INC ULTIMAKER PRINT CORE CC 0.4MM,1,$ 358.80,https://www.fishersci.com/shop/products/ultimaker-print-core-cc-0-4mm/NC2122698#?keyword=
3D Printing Equipment,3D Printer Cartridges and Filaments,NC2148596,DYNAMISM INC ULTI 2.85MM NFC PLA BLUE 750G,1,$ 76.00,https://www.fishersci.com/shop/products/ulti-2-85mm-nfc-pla-blue-750g/NC2148596#?keyword=
3D Printing Equipment,3D Printer Cartridges and Filaments,NC2374219,Cayman Chemical 96W SOLID PLA 5EA BLK NON-BND,5,$ 87.40,https://www.fishersci.com/shop/products/96w-solid-pla-5ea-blk-non-bnd/NC2374219#?keyword=
3D Printing Equipment,3D Printer Cartridges and Filaments,NC2669611,DYNAMISM INC ULTIMAKER 2.85MM BLACK 750G,1,$ 76.00,https://www.fishersci.com/shop/products/ultimaker-2-85mm-black-750g/NC2669611#?keyword=
3D Printing Equipment,3D Printer Cartridges and Filaments,NC2599244,MATTERHACKERS INC GREY MH BLD TPU FLX 1.75MM,1,$ 46.12,https://www.fishersci.com/shop/products/grey-mh-bld-tpu-flx-1-75mm/NC2599244#?keyword=
3D Printing Equipment,3D Printer Cartridges and Filaments,NC2736683,CRYSTAL TECHNOLOGY AND INDUSTRIES SPECIALITY TUBE RACK,1,$ 63.27,https://www.fishersci.com/shop/products/speciality-tube-rack/NC2736683#?keyword=
3D Printing Equipment,3D Printer Cartridges and Filaments,NC2553304,Thermo Scientific IN10 VALIDATION STANDARDS PLA,1,$ 1983.60,https://www.fishersci.com/shop/products/in10-validation-standards-pla/NC2553304#?keyword=
3D Printing Equipment,3D Printer Cartridges and Filaments,NC1992073,DYNAMISM INC ULTIMAKER 2.85MM NFC PVA 750G,1,$ 138.00,https://www.fishersci.com/shop/products/ultimaker-2-85mm-nfc-pva-750g/NC1992073#?keyword=
3D Printing Equipment,3D Printer Cartridges and Filaments,NC1997525,RAISE3D TECHNOLOGIES INC PREMIUM PLA BLACK 1.75MM 1KG,1,$ 49.49,https://www.fishersci.com/shop/products/premium-pla-black-1-75mm-1kg/NC1997525#?keyword=
3D Printing Equipment,3D Printer Cartridges and Filaments,NC2002284,STRATASYS INC RGD820 VEROULTRACLEAR CMPT 4KG,1,$ 1606.26,https://www.fishersci.com/shop/products/rgd820-veroultraclear-cmpt-4kg/NC2002284#?keyword=
3D Printing Equipment,3D Printer Cartridges and Filaments,NC2002274,STRATASYS INC RGD875 VEROBLACKPLUS 4 KG,1,$ 1606.26,https://www.fishersci.com/shop/products/rgd875-veroblackplus-4-kg/NC2002274#?keyword=
3D Printing Equipment,3D Printer Cartridges and Filaments,NC1991118,DYNAMISM INC ULTIMAKER 2.85MM NFC PVA 350G,1,$ 74.00,https://www.fishersci.com/shop/products/ultimaker-2-85mm-nfc-pva-350g/NC1991118#?keyword=
3D Printing Equipment,3D Printer Cartridges and Filaments,NC2159276,MATTERHACKERS INC ULTIMAKER PVA FILAMENT 2.85MM,1,$ 65.95,https://www.fishersci.com/shop/products/ultimaker-pva-filament-2-85mm/NC2159276#?keyword=
3D Printing Equipment,3D Printer Cartridges and Filaments,NC2283507,MATTERHACKERS INC RAISE3D E2 INDUSTRIAL 3D PRINT,1,$ 3848.90,https://www.fishersci.com/shop/products/raise3d-e2-industrial-3d-print/NC2283507#?keyword=
3D Printing Equipment,3D Printer Cartridges and Filaments,NC1592219,"RAISE3D TECHNOLOGIES INC Raise3D Premium ABS Filament, black",1,$ 49.49,https://www.fishersci.com/shop/products/raise3d-prem-filament-blackl/NC1592219#?keyword=
3D Printing Equipment,3D Printer Cartridges and Filaments,NC2824819,DYNAMISM INC BAMBU PLA-CF MATCHA GREEN,1,$ 57.99,https://www.fishersci.com/shop/products/bambu-pla-cf-matcha-green/NC2824819#?keyword=
3D Printing Equipment,3D Printer Cartridges and Filaments,NC2824813,DYNAMISM INC BAMBU PLA BASIC SILVER,1,$ 50.99,https://www.fishersci.com/shop/products/bambu-pla-basic-silver/NC2824813#?keyword=
3D Printing Equipment,3D Printer Cartridges and Filaments,NC1618205,RAISE3D TECHNOLOGIES INC PREM ABS FILAMENTS BLACK EA,1,$ 49.49,https://www.fishersci.com/shop/products/prem-abs-filaments-black-ea/NC1618205#?keyword=
3D Printing Equipment,3D Printer Cartridges and Filaments,NC2334663,Myltisystems 3200 WAX/RESIN 4.33X1476 RIBBN,1,$ 52.45,https://www.fishersci.com/shop/products/3200-wax-resin-4-33x1476-ribbn/NC2334663#?keyword=
3D Printing Equipment,3D Printer Cartridges and Filaments,NC2339417,Formlabs Inc BIOMED DURABLE RESIN,1,$ 506.22,https://www.fishersci.com/shop/products/biomed-durable-resin/NC2339417#?keyword=
3D Printing Equipment,3D Printer Cartridges and Filaments,NC2120250,DYNAMISM INC BLACK POLYLITE PLA,1,$ 47.00,https://www.fishersci.com/shop/products/black-polylite-pla/NC2120250#?keyword=
3D Printing Equipment,3D Printer Cartridges and Filaments,NC1671120,RAISE3D TECHNOLOGIES INC PREMIUM PC TRANSPARENT,1,$ 62.99,https://www.fishersci.com/shop/products/premium-pc-transparent/NC1671120#?keyword=
3D Printing Equipment,3D Printer Cartridges and Filaments,NC1671123,RAISE3D TECHNOLOGIES INC PREMIUM PLA ORANGE,1,$ 49.49,https://www.fishersci.com/shop/products/premium-pla-orange/NC1671123#?keyword=
3D Printing Equipment,3D Printer Cartridges and Filaments,NC2042581,RAISE3D TECHNOLOGIES INC PLA PREMIUM BLUE,1,$ 49.49,https://www.fishersci.com/shop/products/pla-premium-blue/NC2042581#?keyword=
3D Printing Equipment,3D Printer Cartridges and Filaments,NC2012477,RAISE3D TECHNOLOGIES INC TPU-95A FILAMNT NAT 1KG 1.75MM,1,$ 94.39,https://www.fishersci.com/shop/products/tpu-95a-filamnt-nat-1kg-1-75mm/NC2012477#?keyword=
3D Printing Equipment,3D Printer Cartridges and Filaments,NC2059367,DYNAMISM INC ULTIMAKER NFC BREAKAWAY WHITE,1,$ 111.60,https://www.fishersci.com/shop/products/ultimaker-nfc-breakaway-white/NC2059367#?keyword=
3D Printing Equipment,3D Printer Cartridges and Filaments,NC2059368,DYNAMISM INC ULTIMAKER NFC PLA - BLACK,1,$ 76.00,https://www.fishersci.com/shop/products/ultimaker-nfc-pla-black/NC2059368#?keyword=
3D Printing Equipment,3D Printer Cartridges and Filaments,NC1911094,MATTERHACKERS INC PLA 3D PRINTER FILAMENT 1.75MM,1,$ 39.33,https://www.fishersci.com/shop/products/pla-3d-printer-filament-1-75mm/NC1911094#?keyword=
3D Printing Equipment,3D Printer Cartridges and Filaments,NC1824639,Formlabs Inc TOUGH 2000 RESIN 1 L,1,$ 238.80,https://www.fishersci.com/shop/products/tough-2000-resin-1-l/NC1824639#?keyword=
3D Printing Equipment,3D Printer Cartridges and Filaments,NC2608933,MATTERHACKERS INC GRAY MH BUILD PLA FILAMENT CAS,1,$ 232.91,https://www.fishersci.com/shop/products/gray-mh-build-pla-filament-cas/NC2608933#?keyword=
3D Printing Equipment,3D Printer Cartridges and Filaments,NC2669861,CLICKBIO INC REAGENT FILL STATION REP TUBES,1,$ 252.72,https://www.fishersci.com/shop/products/reagent-fill-station-rep-tubes/NC2669861#?keyword=
3D Printing Equipment,3D Printer Cartridges and Filaments,NC2581863,Formlabs Inc BIOMED ELASTIC 50A RESIN 1 L,1,$ 452.30,https://www.fishersci.com/shop/products/biomed-elastic-50a-resin-1-l/NC2581863#?keyword=
3D Printing Equipment,3D Printer Cartridges and Filaments,NC2586791,MATTERHACKERS INC PLA FILAMENT 1.75MM WHITE 12/C,1,$ 232.91,https://www.fishersci.com/shop/products/pla-filament-1-75mm-white-12-c/NC2586791#?keyword=
3D Printing Equipment,3D Printer Cartridges and Filaments,NC2126733,Zebra Technologies Corporation RESIN RIBBON 33MMX74M 12/CASE,1,$ 50.68,https://www.fishersci.com/shop/products/resin-ribbon-33mmx74m-12-case/NC2126733#?keyword=
3D Printing Equipment,3D Printer Cartridges and Filaments,NC2130451,Diversified Biotech Inc RESIN RIBBON 2.50INX244FT,1,$ 41.25,https://www.fishersci.com/shop/products/resin-ribbon-2-50inx244ft/NC2130451#?keyword=
3D Printing Equipment,3D Printer Cartridges and Filaments,NC2109854,DYNAMISM INC DYNAMISM TOUGH PLA 2.85MM BLUE,1,$ 62.99,https://www.fishersci.com/shop/products/dynamism-tough-pla-2-85mm-blue/NC2109854#?keyword=
3D Printing Equipment,3D Printer Cartridges and Filaments,NC2100081,Formlabs Inc BIOMED BLACK RESIN 1 L,1,$ 358.80,https://www.fishersci.com/shop/products/biomed-black-resin-1-l/NC2100081#?keyword=
3D Printing Equipment,3D Printer Cartridges and Filaments,27-903-22,"Essendant True HEPA Filter for Fellowes 290 Air Purifiers, 12.63 x 16.31",1,$ 93.14,https://www.fishersci.com/shop/products/filterlarge-true-hepawh/2790322#?keyword=
3D Printing Equipment,3D Printer Cartridges and Filaments,50-189-9858,"Electron Microscopy Sciences Micro Sample Tube Rack with 20 Holes 10.8 mm each, 105 mm",1,$ 33.20,https://www.fishersci.com/shop/products/sample-tube-rack-20-hole-1-8mm-1/501899858#?keyword=
3D Printing Equipment,3D Printer Cartridges and Filaments,50-337-52,Electron Microscopy Sciences Thermal Transfer Resin Ribbon,1,$ 123.90,https://www.fishersci.com/shop/products/thermal-transfer-resin-ribbon/5033752#?keyword=
3D Printing Equipment,3D Printer Cartridges and Filaments,50-252-1084,"World Precision Instrument Replacement Heating Filament for MF200 Microforge, Large gauge",1,$ 218.30,https://www.fishersci.com/shop/products/replacement-heating-filament-f-2/502521084#?keyword=
3D Printing Equipment,3D Printer Cartridges and Filaments,50-239-0860,"Waters Corp Filament Assembly, CI",1,$ 826.50,https://www.fishersci.com/shop/products/filament-assembly-ci/502390860#?keyword=
3D Printing Equipment,3D Printer Cartridges and Filaments,NC2183877,Formlabs Inc ESD RESIN 1 L,1,$ 274.80,https://www.fishersci.com/shop/products/esd-resin-1-l/NC2183877#?keyword=
3D Printing Equipment,3D Printer Cartridges and Filaments,NC2187820,GA International THERMAL TRANSFER RESIN RIBBON,1,$ 47.89,https://www.fishersci.com/shop/products/thermal-transfer-resin-ribbon/NC2187820#?keyword=
3D Printing Equipment,3D Printer Cartridges and Filaments,NC2178904,STRATASYS INC RGD810 VERO CLEAR 4KG,1,$ 1606.26,https://www.fishersci.com/shop/products/rgd810-vero-clear-4kg/NC2178904#?keyword=
3D Printing Equipment,3D Printer Cartridges and Filaments,NC2178359,Zebra Technologies Corporation RESIN RIBBON,1,$ 23.11,https://www.fishersci.com/shop/products/resin-ribbon/NC2178359#?keyword=
3D Printing Equipment,3D Printer Cartridges and Filaments,NC2162600,Zebra Technologies Corporation 5100 RESIN RIBBON,1,$ 80.82,https://www.fishersci.com/shop/products/5100-resin-ribbon/NC2162600#?keyword=
3D Printing Equipment,3D Printer Cartridges and Filaments,NC1724093,MATTERHACKERS INC POLYMAKER POLYLITE PLA BLK,1,$ 39.33,https://www.fishersci.com/shop/products/polymaker-polylite-pla-blk/NC1724093#?keyword=
3D Printing Equipment,3D Printer Cartridges and Filaments,NC2590365,Formlabs Inc FORM 3L RESIN TANK V3,1,$ 387.50,https://www.fishersci.com/shop/products/form-3l-resin-tank-v3/NC2590365#?keyword=
3D Printing Equipment,3D Printer Cartridges and Filaments,NC1462742,Formlabs Inc GREY PRO RESIN 1L,1,$ 238.80,https://www.fishersci.com/shop/products/grey-pro-resin-1l/NC1462742#?keyword=
3D Printing Equipment,3D Printer Cartridges and Filaments,NC1671124,RAISE3D TECHNOLOGIES INC R3D PREMIUM PETG FILAMENT,1,$ 49.49,https://www.fishersci.com/shop/products/r3d-premium-petg-filament/NC1671124#?keyword=
3D Printing Equipment,3D Printer Cartridges and Filaments,NC2021378,"Adam Equipment Adam Equipment CPWplus 75L Floor Scale 165lb/75kg Capacity, 0.05lb/40g Readability",1,$ 620.00,https://www.fishersci.com/shop/products/durable-versatile-cpwplus-75l/NC2021378#?keyword=
3D Printing Equipment,3D Printer Cartridges and Filaments,NC2002276,STRATASYS INC RGD837 VERO PURE WHITE 4 KG,1,$ 1606.26,https://www.fishersci.com/shop/products/rgd837-vero-pure-white-4-kg/NC2002276#?keyword=
3D Printing Equipment,3D Printer Cartridges and Filaments,NC2235397,DYNAMISM INC ULTIMAKER NFC PLA-MAGENTA,1,$ 76.00,https://www.fishersci.com/shop/products/ultimaker-nfc-pla-magenta/NC2235397#?keyword=
3D Printing Equipment,3D Printer Cartridges and Filaments,NC2235398,DYNAMISM INC ULTIMAKER NFC PLA-ORANGE,1,$ 76.00,https://www.fishersci.com/shop/products/ultimaker-nfc-pla-orange/NC2235398#?keyword=
3D Printing Equipment,3D Printer Cartridges and Filaments,NC2735628,Ted Pella Inc POLY/ED 812 RESIN TEST KIT,1,$ 302.10,https://www.fishersci.com/shop/products/poly-ed-812-resin-test-kit/NC2735628#?keyword=
3D Printing Equipment,3D Printer Cartridges and Filaments,NC2042587,RAISE3D TECHNOLOGIES INC RAISE3DPREMIUM PETG FILMT BLUE,1,$ 49.49,https://www.fishersci.com/shop/products/raise3dpremium-petg-filmt-blue/NC2042587#?keyword=
3D Printing Equipment,3D Printer Cartridges and Filaments,NC1248659,KAYAKU ADVANCED MATERIALS INC SU-8 3010-500 ML GLASS,1,$ 866.76,https://www.fishersci.com/shop/products/su-8-3010-500-ml-glass/NC1248659#?keyword=
3D Printing Equipment,3D Printer Cartridges and Filaments,NC2599239,MATTERHACKERS INC BLK PRO SER PETG FILMNT 1.75MM,1,$ 73.29,https://www.fishersci.com/shop/products/blk-pro-ser-petg-filmnt-1-75mm/NC2599239#?keyword=
3D Printing Equipment,3D Printer Cartridges and Filaments,NC1724094,MATTERHACKERS INC POLYMAKER POLYLITE PLA GREEN,1,$ 39.33,https://www.fishersci.com/shop/products/polymaker-polylite-pla-green/NC1724094#?keyword=
3D Printing Equipment,3D Printer Cartridges and Filaments,NC2219336,Sentry Equipment Corp CATION RESIN REFILL BAG 650CC,1,$ 76.00,https://www.fishersci.com/shop/products/cation-resin-refill-bag-650cc/NC2219336#?keyword=
3D Printing Equipment,3D Printer Cartridges and Filaments,NC2599241,MATTERHACKERS INC NYLONX CARBON FIBR FILA 1.75MM,1,$ 402.00,https://www.fishersci.com/shop/products/nylonx-carbon-fibr-fila-1-75mm/NC2599241#?keyword=
3D Printing Equipment,3D Printer Cartridges and Filaments,NC2232037,Electronix Express WIRE KIT 18G 25 FT. SPOOLS,1,$ 48.33,https://www.fishersci.com/shop/products/wire-kit-18g-25-ft-spools/NC2232037#?keyword=
3D Printing Equipment,3D Printer Cartridges and Filaments,NC2002278,STRATASYS INC SUP705 SUPPORT 4 KG,1,$ 579.38,https://www.fishersci.com/shop/products/sup705-support-4-kg/NC2002278#?keyword=
3D Printing Equipment,3D Printer Cartridges and Filaments,NC1774493,Formlabs Inc NEW SURGICAL GUIDE RESIN,1,$ 298.80,https://www.fishersci.com/shop/products/new-surgical-guide-resin/NC1774493#?keyword=
3D Printing Equipment,3D Printer Cartridges and Filaments,NC1209184,STRATASYS INC VEROCLEAR RGD810 1KG PK/2,1,$ 1032.84,https://www.fishersci.com/shop/products/veroclear-rgd810-1kg-pk-2/NC1209184#?keyword=
3D Printing Equipment,3D Printer Cartridges and Filaments,NC1592220,"RAISE3D TECHNOLOGIES INC Raise3D Premium ABS Filament, white",1,$ 49.49,https://www.fishersci.com/shop/products/raise3d-prem-filament-white/NC1592220#?keyword=
3D Printing Equipment,3D Printer Cartridges and Filaments,NC2066050,DYNAMISM INC ULTIMAKER PRINT CORE AA 0.44MM,1,$ 202.80,https://www.fishersci.com/shop/products/ultimaker-print-core-aa-0-44mm/NC2066050#?keyword=
3D Printing Equipment,3D Printer Cartridges and Filaments,NC2042582,RAISE3D TECHNOLOGIES INC PLA PREMIUM GRAY,1,$ 49.49,https://www.fishersci.com/shop/products/pla-premium-gray/NC2042582#?keyword=
3D Printing Equipment,3D Printer Cartridges and Filaments,NC1462741,Formlabs Inc RIGID RESIN 1L,1,$ 274.80,https://www.fishersci.com/shop/products/rigid-resin-1l/NC1462741#?keyword=
3D Printing Equipment,3D Printer Cartridges and Filaments,NC2458120,Hunter Lab PRECISION CELL HOLDER BASE PLA,1,$ 786.60,https://www.fishersci.com/shop/products/precision-cell-holder-base-pla/NC2458120#?keyword=
3D Printing Equipment,3D Printer Cartridges and Filaments,NC2881744,DYNAMISM INC ULTIMAKER 2.85MM NFC TPU-BLK,1,$ 111.60,https://www.fishersci.com/shop/products/ultimaker-2-85mm-nfc-tpu-blk/NC2881744#?keyword=
3D Printing Equipment,3D Printer Cartridges and Filaments,NC2824817,DYNAMISM INC BAMBU PLA-CF BURGANDY RED,1,$ 57.99,https://www.fishersci.com/shop/products/bambu-pla-cf-burgandy-red/NC2824817#?keyword=
3D Printing Equipment,3D Printer Cartridges and Filaments,50-190-2734,Electron Microscopy Sciences FIRM Acrylic Resin Sections 10 ML,1,$ 135.11,https://www.fishersci.com/shop/products/firm-acrylc-resin-sectn/501902734#?keyword=
3D Printing Equipment,3D Printer Cartridges and Filaments,50-226-9415,Waters Corp 6 CC CARTRIDGE ADAPTOR FOR EXT 186010528,1,$ 1208.40,https://www.fishersci.com/shop/products/6-cc-cartridge-adaptor-for-ext/502269415#?keyword=
3D Printing Equipment,3D Printer Cartridges and Filaments,NC1724102,MATTERHACKERS INC POLYMAKER POLYLITE PLA YELLOW,1,$ 39.33,https://www.fishersci.com/shop/products/polymaker-polylite-pla-yellow/NC1724102#?keyword=
3D Printing Equipment,3D Printer Cartridges and Filaments,NC2824539,DYNAMISM INC BAMBU PLA BASIC JADE WHITE,1,$ 50.99,https://www.fishersci.com/shop/products/bambu-pla-basic-jade-white/NC2824539#?keyword=
3D Printing Equipment,3D Printer Cartridges and Filaments,NC2824541,DYNAMISM INC BAMBU PLA BASIC BLACK,1,$ 50.99,https://www.fishersci.com/shop/products/bambu-pla-basic-black/NC2824541#?keyword=
3D Printing Equipment,3D Printer Cartridges and Filaments,NC1705141,Zebra Technologies Corporation 6100 WAX/RESIN 2.36INX1 476FT,6,$ 116.82,https://www.fishersci.com/shop/products/6100-wax-resin-2-36inx1-476ft/NC1705141#?keyword=
3D Printing Equipment,3D Printer Cartridges and Filaments,NC1997524,RAISE3D TECHNOLOGIES INC RAISE3D PREMIUM PVA 1.75MM 1KG,1,$ 129.79,https://www.fishersci.com/shop/products/raise3d-premium-pva-1-75mm-1kg/NC1997524#?keyword=
3D Printing Equipment,3D Printer Cartridges and Filaments,NC1938195,DYNAMISM INC PLA 2.85MM POLYLITE WHT 1KG,1,$ 47.00,https://www.fishersci.com/shop/products/pla-2-85mm-polylite-wht-1kg/NC1938195#?keyword=
3D Printing Equipment,3D Printers,10-320-206,Corning™ Matribot™ Bioprinter with Starter Package,1,$ 24716.00,https://www.fishersci.com/shop/products/matribot-bioprinter-starter-package/10320206#?keyword=
3D Printing Equipment,3D Printers,S4131933,Creality Creality Ender-3 V2,1,$ 376.25,https://www.fishersci.com/shop/products/creality-ender-3-v2/S4131933#?keyword=
3D Printing Equipment,3D Printers,S4131934,Creality Creality Ender-5 Pro,1,$ 521.38,https://www.fishersci.com/shop/products/creality-ender-5-pro/S4131934#?keyword=
3D Printing Equipment,3D Printers,NC2402536,MATTERHACKERS INC BAMBU LAB X1-CARBON 3D PRINTER,1,$ 1708.86,https://www.fishersci.com/shop/products/bambu-lab-x1-carbon-3d-printer/NC2402536#?keyword=
3D Printing Equipment,3D Printers,NC1774456,Formlabs Inc FORM 3 COMPLETE PACKAGE,1,$ 5608.90,https://www.fishersci.com/shop/products/form-3-complete-package/NC1774456#?keyword=
3D Printing Equipment,3D Printers,S4131941,WASP WASP 2040 Hybrid,1,$ 5662.03,https://www.fishersci.com/shop/products/wasp-2040-hybrid/S4131941#?keyword=
3D Printing Equipment,3D Printers,S4131940,WASP Delta WASP 2040 Pro,1,$ 4534.35,https://www.fishersci.com/shop/products/delta-wasp-2040-pro-1/S4131940#?keyword=
3D Printing Equipment,3D Printers,NC2605304,MATTERHACKERS INC BAMBU LAB X1E 3D PRINTER,1,$ 2848.86,https://www.fishersci.com/shop/products/bambu-lab-x1e-3d-printer/NC2605304#?keyword=
3D Printing Equipment,3D Printers,NC1830314,3D Universe DREMEL DIGLAB 3D45 3D PRINTER,1,$ 2278.86,https://www.fishersci.com/shop/products/dremel-diglab-3d45-3d-printer/NC1830314#?keyword=
3D Printing Equipment,3D Printers,NC2062470,3D CULTURES TISSUE SCRIBE (3ML NOZZLE),1,$ 2697.84,https://www.fishersci.com/shop/products/tissue-scribe-3ml-nozzle/NC2062470#?keyword=
3D Printing Equipment,3D Printers,NC1845351,DYNAMISM INC ULTIMAKER S3 3D PRINTER,1,$ 4895.00,https://www.fishersci.com/shop/products/ultimaker-s3-3d-printer/NC1845351#?keyword=
3D Printing Equipment,3D Printers,NC1774457,Formlabs Inc FORM 3L BASIC PACKAGE,1,$ 13227.90,https://www.fishersci.com/shop/products/form-3l-basic-package/NC1774457#?keyword=
3D Printing Equipment,3D Printers,NC1991119,DYNAMISM INC ULTIMAKER PRINT CORE AA 0.25MM,1,$ 202.80,https://www.fishersci.com/shop/products/ultimaker-print-core-aa-0-25mm/NC1991119#?keyword=
3D Printing Equipment,3D Printers,NC2743211,Nova Biostorage X-TUBEPROCESSOR BASIC 96,1,$ 59325.00,https://www.fishersci.com/shop/products/x-tubeprocessor-basic-96/NC2743211#?keyword=
3D Printing Equipment,3D Printers,NC1729894,MATTERHACKERS INC RAISE3D PRO2 DUAL EXTRUDER 3D,1,$ 4398.90,https://www.fishersci.com/shop/products/raise3d-pro2-dual-extruder-3d/NC1729894#?keyword=
3D Printing Equipment,3D Printers,NC2602543,THORLABS INC FLEXURE ADAPTER FOR LDM SERIES,1,$ 486.84,https://www.fishersci.com/shop/products/flexure-adapter-for-ldm-series/NC2602543#?keyword=
3D Printing Equipment,3D Printers,S4131948,WASP LDM Clay Kit Extrusion System 3.0,1,$ 1130.90,https://www.fishersci.com/shop/products/ldm-clay-kit-extrusion-system-3-0/S4131948#?keyword=
3D Printing Equipment,3D Printers,NC1955141,Across International Ai GL14 Chilling Fluid or Vacuum Connectors - Pack of 5,1,$ 33.00,https://www.fishersci.com/shop/products/aigl14-vaccuum-connector-5-pk/NC1955141#?keyword=
3D Printing Equipment,3D Printers,NC2315801,GOMEASURE3D ARTEC STUDIO 1 YR LICENSE,1,$ 1477.44,https://www.fishersci.com/shop/products/artec-studio-1-yr-license/NC2315801#?keyword=
3D Printing Equipment,3D Printers,NC2947215,Formlabs Inc FORM 3B PLUS 3D PRINTER,1,$ 8000.00,https://www.fishersci.com/shop/products/form-3b-plus-3d-printer/NC2947215#?keyword=
3D Printing Equipment,3D Printers,50-194-6267,"Bellco Glass, Inc. 3 Liter 115V system of glass and stainless steel construction with interchangeable ports. It has a quiet high speed motor and includes all probes, wiring and connections. 316 l stainless steel construction Borosilicate glass vessel",1,$ 17734.78,https://www.fishersci.com/shop/products/3l-bioreactr-dsk-imp-sys-115v/501946267#?keyword=
3D Printing Equipment,3D Printers,50-225-1194,Across International Ai -15Â°C 3L Compact Recirculating Chiller with Centrifugal Pump,1,$ 2581.20,https://www.fishersci.com/shop/products/ai-15c-3l-compact-recirculatin/502251194#?keyword=
3D Printing Equipment,3D Printers,NC2951046,MICROFLUIDICS CORPORATION CIXC ASSY H10Z LV1 CERAMIC,1,$ 8111.25,https://www.fishersci.com/shop/products/cixc-assy-h10z-lv1-ceramic/NC2951046#?keyword=
3D Printing Equipment,3D Printers,NC2166132,RS AMERICAS INC HAMMOND MANUFACTURING RCHS1901,1,$ 537.10,https://www.fishersci.com/shop/products/hammond-manufacturing-rchs1901/NC2166132#?keyword=
3D Printing Equipment,3D Printers,NC1703020,Cellink Inc CELLMIXER,1,$ 141.26,https://www.fishersci.com/shop/products/cellmixer/NC1703020#?keyword=
3D Printing Equipment,3D Printers,NC2610191,Jh Technologies Inc FILTER SYSTEM I3,1,$ 1868.67,https://www.fishersci.com/shop/products/filter-system-i3/NC2610191#?keyword=
3D Printing Equipment,3D Printers,NC2166173,RS AMERICAS INC HAMMOND MANUFACTURING 1425PHD,1,$ 63.78,https://www.fishersci.com/shop/products/hammond-manufacturing-1425phd/NC2166173#?keyword=
3D Printing Equipment,3D Printers,NC2825002,Thomas Scientific BASIC INTEGRATION AND INSTALL,1,$ 300.00,https://www.fishersci.com/shop/products/basic-integration-and-install/NC2825002#?keyword=
3D Printing Equipment,3D Printers,NC2315800,GOMEASURE3D ARTEC MICRO 3D SCANNER,,,https://www.fishersci.com/shop/products/artec-micro-3d-scanner/NC2315800#?keyword=
3D Printing Equipment,3D Printers,S4131966,"WASP LDM Tank, WASP WU7033, 3 L",1,$ 339.70,https://www.fishersci.com/shop/products/ldm-tank-3/S4131966
3D Printing Equipment,3D Printers,S4131967,"WASP LDM Tank, WASP WU7034, 5 L",1,$ 452.58,https://www.fishersci.com/shop/products/ldm-tank-3/S4131967
3D Printing Equipment,3D Printers,S4131951,WASP WASP Spitfire Red Extruder,1,$ 282.73,https://www.fishersci.com/shop/products/wasp-spitfire-red-extruder/S4131951#?keyword=
3D Printing Equipment,3D Printers,S4131964,WASP LDM Extruder 3.0,1,$ 452.58,https://www.fishersci.com/shop/products/wasp-ldm-extruder-3-0/S4131964#?keyword=
3D Printing Equipment,3D Printers,S81198,WASP Project Delta WASP 2040 Clay Printer,,,https://www.fishersci.com/shop/products/delta-wasp-2040-clay-printer/S81198#?keyword=
Animal Care and Research,Animal Surgical Devices,14-370-300,"AIMS™ Single Temperature Warming/Induction Chamber, Full-Floor Warming, Small, AIMS™ WCS0, 30°C",1,$ 1798.00,https://www.fishersci.com/shop/products/single-temperature-warming-induction-chamber-full-floor-warming-small-3/14370300
Animal Care and Research,Animal Surgical Devices,14-370-301,"AIMS™ Single Temperature Warming/Induction Chamber, Full-Floor Warming, Small, AIMS™ WCS4, 34°C",1,$ 1915.00,https://www.fishersci.com/shop/products/single-temperature-warming-induction-chamber-full-floor-warming-small-3/14370301
Animal Care and Research,Animal Surgical Devices,14-370-302,"AIMS™ Single Temperature Warming/Induction Chamber, Full-Floor Warming, Small, AIMS™ WCS8, 38°C",1,$ 1906.00,https://www.fishersci.com/shop/products/single-temperature-warming-induction-chamber-full-floor-warming-small-3/14370302
Animal Care and Research,Animal Surgical Devices,10-000-203,"Stoelting™ Just for Mouse™ Stereotaxic Instrument, Stoelting™ 51730, Basic",1,$ 6843.00,https://www.fishersci.com/shop/products/just-mouse-stereotaxic-instrument-14/10000203
Animal Care and Research,Animal Surgical Devices,10-000-415,"Stoelting™ Just for Mouse™ Stereotaxic Instrument, Stoelting™ 51733D, Digital, Dual",1,$ 16171.00,https://www.fishersci.com/shop/products/just-mouse-stereotaxic-instrument-14/10000415
Animal Care and Research,Animal Surgical Devices,10-000-411,"Stoelting™ Just for Mouse™ Stereotaxic Instrument, Stoelting™ 51730D, Digital",1,$ 9437.00,https://www.fishersci.com/shop/products/just-mouse-stereotaxic-instrument-14/10000411
Animal Care and Research,Animal Surgical Devices,10-000-205,"Stoelting™ Just for Mouse™ Stereotaxic Instrument, Stoelting™ 51733, Dual",1,$ 9767.00,https://www.fishersci.com/shop/products/just-mouse-stereotaxic-instrument-14/10000205
Animal Care and Research,Animal Surgical Devices,10-000-412,"Stoelting™ Just for Mouse™ Stereotaxic Instrument, Stoelting™ 51730M, Motorized",1,$ 16148.00,https://www.fishersci.com/shop/products/just-mouse-stereotaxic-instrument-14/10000412
Animal Care and Research,Animal Surgical Devices,10-000-414,"Stoelting™ Just for Mouse™ Stereotaxic Instrument, Stoelting™ 51730UD, Ultra-Precise, Digital - For one mouse at a time",1,$ 11123.00,https://www.fishersci.com/shop/products/just-mouse-stereotaxic-instrument-14/10000414
Animal Care and Research,Animal Surgical Devices,10-000-417,"Stoelting™ Just for Mouse™ Stereotaxic Instrument, Stoelting™ 51733UD, Ultra-Precise, Dual, Digital",1,$ 19544.00,https://www.fishersci.com/shop/products/just-mouse-stereotaxic-instrument-14/10000417
Animal Care and Research,Animal Surgical Devices,10-000-413,"Stoelting™ Just for Mouse™ Stereotaxic Instrument, Stoelting™ 51730U, Ultra-Precise",1,$ 7751.00,https://www.fishersci.com/shop/products/just-mouse-stereotaxic-instrument-14/10000413
Animal Care and Research,Animal Surgical Devices,10-000-416,"Stoelting™ Just for Mouse™ Stereotaxic Instrument, Stoelting™ 51733U, Ultra-Precise, Dual",1,$ 12799.00,https://www.fishersci.com/shop/products/just-mouse-stereotaxic-instrument-14/10000416
Animal Care and Research,Animal Surgical Devices,10-000-410,"Stoelting™ Just for Mouse™ Stereotaxic Instrument, Stoelting™ 51725UD, Ultra Precise, Digital - for several mice at a time",,,https://www.fishersci.com/shop/products/just-mouse-stereotaxic-instrument-14/10000410
Animal Care and Research,Animal Surgical Devices,14-370-303,"AIMS™ Single Temperature Warming/Induction Chamber, Full-Floor Warming, Large, AIMS™ WCL0, 30°C",1,$ 1798.00,https://www.fishersci.com/shop/products/single-temperature-warming-induction-chamber-full-floor-warming-large-3/14370303
Animal Care and Research,Animal Surgical Devices,14-370-304,"AIMS™ Single Temperature Warming/Induction Chamber, Full-Floor Warming, Large, AIMS™ WCL4, 34°C",1,$ 1798.00,https://www.fishersci.com/shop/products/single-temperature-warming-induction-chamber-full-floor-warming-large-3/14370304
Animal Care and Research,Animal Surgical Devices,14-370-305,"AIMS™ Single Temperature Warming/Induction Chamber, Full-Floor Warming, Large, AIMS™ WCL8, 38°C",1,$ 1936.00,https://www.fishersci.com/shop/products/single-temperature-warming-induction-chamber-full-floor-warming-large-3/14370305
Animal Care and Research,Animal Surgical Devices,10-000-534,"Stoelting™ Micro Scissors, Stoelting™ 5213482P, 4.5 in., Slight curve, B/B",1,$ 129.00,https://www.fishersci.com/shop/products/micro-scissors-14/10000534
Animal Care and Research,Animal Surgical Devices,10-001-627,"Stoelting™ Micro Scissors, Stoelting™ 5213483, 4.5 in., Curved, 25 mm",1,$ 235.00,https://www.fishersci.com/shop/products/micro-scissors-14/10001627
Animal Care and Research,Animal Surgical Devices,10-001-628,"Stoelting™ Micro Scissors, Stoelting™ 5213484, 4.5 in., Carbide, 25 mm",1,$ 373.00,https://www.fishersci.com/shop/products/micro-scissors-14/10001628
Animal Care and Research,Animal Surgical Devices,10-001-629,"Stoelting™ Micro Scissors, Stoelting™ 5213485, 4.5 in., Curved, Carbide, 25 mm",1,$ 404.00,https://www.fishersci.com/shop/products/micro-scissors-14/10001629
Animal Care and Research,Animal Surgical Devices,10-001-632,"Stoelting™ Micro Scissors, Stoelting™ 5213490, 4 in., Probe point",1,$ 235.00,https://www.fishersci.com/shop/products/micro-scissors-14/10001632
Animal Care and Research,Animal Surgical Devices,10-000-664,"Stoelting™ Visorb (PGA) Synthetic Absorbable Sutures, Stoelting™ 50495, 5-0",12,$ 183.00,https://www.fishersci.com/shop/products/visorb-pga-synthetic-absorbable-sutures-4/10000664
Animal Care and Research,Animal Surgical Devices,10-000-665,"Stoelting™ Visorb (PGA) Synthetic Absorbable Sutures, Stoelting™ 50496, 4-0",12,$ 183.00,https://www.fishersci.com/shop/products/visorb-pga-synthetic-absorbable-sutures-4/10000665
Animal Care and Research,Animal Surgical Devices,10-000-666,"Stoelting™ Visorb (PGA) Synthetic Absorbable Sutures, Stoelting™ 50497, 3-0",12,$ 183.00,https://www.fishersci.com/shop/products/visorb-pga-synthetic-absorbable-sutures-4/10000666
Animal Care and Research,Animal Surgical Devices,10-000-667,"Stoelting™ Visorb (PGA) Synthetic Absorbable Sutures, Stoelting™ 50498, 2-0",12,$ 183.00,https://www.fishersci.com/shop/products/visorb-pga-synthetic-absorbable-sutures-4/10000667
Animal Care and Research,Animal Surgical Devices,10-001-045,Stoelting™ Automated Milker for Rats and Mice,1,$ 29332.00,https://www.fishersci.com/shop/products/automated-milker-rats-mice/10001045#?keyword=
Animal Care and Research,Animal Surgical Devices,10-000-449,Stoelting™ Bracken Forceps,1,$ 197.10,https://www.fishersci.com/shop/products/bracken-forceps/10000449#?keyword=
Animal Care and Research,Animal Surgical Devices,10-000-620,Stoelting™ Stereotaxic Surgery,1,$ 99.00,https://www.fishersci.com/shop/products/stereotaxic-surgery/10000620#?keyword=
Animal Care and Research,Animal Surgical Devices,10-000-463,"Stoelting™ Thumb Dressing Forceps, Stoelting™ 5210923P, Forceps, 4.5 in.",1,$ 59.70,https://www.fishersci.com/shop/products/thumb-dressing-forceps-11/10000463
Animal Care and Research,Animal Surgical Devices,10-000-465,"Stoelting™ Thumb Dressing Forceps, Stoelting™ 5210930P, Delicate forceps, 4.5 in.",1,$ 65.90,https://www.fishersci.com/shop/products/thumb-dressing-forceps-11/10000465
Animal Care and Research,Animal Surgical Devices,10-001-308,"Stoelting™ Thumb Dressing Forceps, Stoelting™ 5210931, Delicate forceps, 5 in.",1,$ 100.60,https://www.fishersci.com/shop/products/thumb-dressing-forceps-11/10001308
Animal Care and Research,Animal Surgical Devices,10-000-462,"Stoelting™ Thumb Dressing Forceps, Stoelting™ 5210883P, Forceps, 5 in.",1,$ 59.70,https://www.fishersci.com/shop/products/thumb-dressing-forceps-11/10000462
Animal Care and Research,Animal Surgical Devices,10-001-309,"Stoelting™ Thumb Dressing Forceps, Stoelting™ 5210932, Delicate forceps, 5.5 in.",1,$ 105.80,https://www.fishersci.com/shop/products/thumb-dressing-forceps-11/10001309
Animal Care and Research,Animal Surgical Devices,10-000-464,"Stoelting™ Thumb Dressing Forceps, Stoelting™ 5210925P, Forceps, 5.5 in.",1,$ 59.70,https://www.fishersci.com/shop/products/thumb-dressing-forceps-11/10000464
Animal Care and Research,Animal Surgical Devices,10-001-303,"Stoelting™ Thumb Dressing Forceps, Stoelting™ 5210926, Forceps, 6 in.",1,$ 100.60,https://www.fishersci.com/shop/products/thumb-dressing-forceps-11/10001303
Animal Care and Research,Animal Surgical Devices,10-001-310,"Stoelting™ Thumb Dressing Forceps, Stoelting™ 5210933, Delicate forceps, 6 in.",1,$ 105.80,https://www.fishersci.com/shop/products/thumb-dressing-forceps-11/10001310
Animal Care and Research,Animal Surgical Devices,10-001-304,"Stoelting™ Thumb Dressing Forceps, Stoelting™ 5210927, Forceps, 8 in.",1,$ 123.50,https://www.fishersci.com/shop/products/thumb-dressing-forceps-11/10001304
Animal Care and Research,Animal Surgical Devices,10-001-305,"Stoelting™ Thumb Dressing Forceps, Stoelting™ 5210928, Forceps, 10 in.",1,$ 150.40,https://www.fishersci.com/shop/products/thumb-dressing-forceps-11/10001305
Animal Care and Research,Animal Surgical Devices,10-001-306,"Stoelting™ Thumb Dressing Forceps, Stoelting™ 5210929, Forceps, 12 in.",1,$ 174.30,https://www.fishersci.com/shop/products/thumb-dressing-forceps-11/10001306
Animal Care and Research,Animal Surgical Devices,04-777-177,SOMNI Scientific™ The Animal Temperature Heating Pad,1,$ 1006.00,https://www.fishersci.com/shop/products/the-animal-temperature-heating-pad/04777177#?keyword=
Animal Care and Research,Animal Surgical Devices,10-000-792,Stoelting™ PreciseTrim Cordless/Corded Trimmer,1,$ 197.10,https://www.fishersci.com/shop/products/precisetrim-cordless-corded-trimmer/10000792#?keyword=
Animal Care and Research,Animal Surgical Devices,10-000-681,"Stoelting™ Sterile Gauze, Stoelting™ 50964, 4 x 4 in., 12-ply sterile gauze, Case of 1200",1200,$ 299.00,https://www.fishersci.com/shop/products/sterile-gauze-7/10000681
Animal Care and Research,Animal Surgical Devices,10-000-682,"Stoelting™ Sterile Gauze, Stoelting™ 50965, 2 x 2 in., 8-ply sterile gauze, Case of 1500",1500,$ 207.50,https://www.fishersci.com/shop/products/sterile-gauze-7/10000682
Animal Care and Research,Animal Surgical Devices,10-000-683,"Stoelting™ Sterile Gauze, Stoelting™ 50966, 3 x 3 in., 12-ply sterile gauze, Case of 1200",1200,$ 263.50,https://www.fishersci.com/shop/products/sterile-gauze-7/10000683
Animal Care and Research,Animal Surgical Devices,10-000-684,"Stoelting™ Sterile Gauze, Stoelting™ 50967, 4 x 4 in., 8-ply sterile gauze, Case of 1200",1200,$ 197.10,https://www.fishersci.com/shop/products/sterile-gauze-7/10000684
Animal Care and Research,Animal Surgical Devices,10-000-686,"Stoelting™ Sterile Gauze, Stoelting™ 50969, 3 x 3 in., Synthetic gauze, Case of 1200",1200,$ 251.00,https://www.fishersci.com/shop/products/sterile-gauze-7/10000686
Animal Care and Research,Animal Surgical Devices,10-000-687,"Stoelting™ Sterile Gauze, Stoelting™ 50970, 4 x 4 in., Sterile gauze, Case of 1200",1200,$ 455.50,https://www.fishersci.com/shop/products/sterile-gauze-7/10000687
Animal Care and Research,Animal Surgical Devices,10-000-685,"Stoelting™ Sterile Gauze, Stoelting™ 50968, 2 x 2 in., Synthetic gauze, Case of 1500",,,https://www.fishersci.com/shop/products/sterile-gauze-7/10000685
Animal Care and Research,Animal Surgical Devices,10-000-611,"Stoelting™ Fear Conditioning System, Stoelting™ 60461S, Mouse, 1",1,$ 28923.00,https://www.fishersci.com/shop/products/fear-conditioning-system-6/10000611
Animal Care and Research,Animal Surgical Devices,10-000-612,"Stoelting™ Fear Conditioning System, Stoelting™ 60462S, Mouse, 2",1,$ 46399.00,https://www.fishersci.com/shop/products/fear-conditioning-system-6/10000612
Animal Care and Research,Animal Surgical Devices,10-000-613,"Stoelting™ Fear Conditioning System, Stoelting™ 60463S, Mouse, 4",1,$ 81914.00,https://www.fishersci.com/shop/products/fear-conditioning-system-6/10000613
Animal Care and Research,Animal Surgical Devices,10-000-614,"Stoelting™ Fear Conditioning System, Stoelting™ 60464S, Rat, 1",1,$ 29179.00,https://www.fishersci.com/shop/products/fear-conditioning-system-6/10000614
Animal Care and Research,Animal Surgical Devices,10-000-615,"Stoelting™ Fear Conditioning System, Stoelting™ 60465S, Rat, 2",1,$ 47115.00,https://www.fishersci.com/shop/products/fear-conditioning-system-6/10000615
Animal Care and Research,Animal Surgical Devices,10-000-616,"Stoelting™ Fear Conditioning System, Stoelting™ 60466S, Rat, 4",1,$ 83396.00,https://www.fishersci.com/shop/products/fear-conditioning-system-6/10000616
Animal Care and Research,Animal Surgical Devices,10-000-299,Stoelting™ Tail Suspension,1,$ 3087.00,https://www.fishersci.com/shop/products/tail-suspension/10000299#?keyword=
Animal Care and Research,Animal Surgical Devices,10-001-994,Stoelting™ Hegenbarth Clip Applying Forceps,1,$ 89.00,https://www.fishersci.com/shop/products/hegenbarth-clip-applying-forceps/10001994#?keyword=
Animal Care and Research,Animal Surgical Devices,04-777-129,SOMNI Scientific™ Equaflow 3 Mouse Manifold,1,$ 2433.00,https://www.fishersci.com/shop/products/equaflow-3-mouse-manifold/04777129#?keyword=
Animal Care and Research,Animal Surgical Devices,10-000-646,"Stoelting™ Animal Markers, Stoelting™ 50451, Fine tip, Black, Pack of 3",3,$ 393.50,https://www.fishersci.com/shop/products/animal-markers-24/10000646
Animal Care and Research,Animal Surgical Devices,10-001-084,"Stoelting™ Animal Markers, Stoelting™ 504511, Fine tip, Black, Single Packaging",1,$ 151.50,https://www.fishersci.com/shop/products/animal-markers-24/10001084
Animal Care and Research,Animal Surgical Devices,10-000-645,"Stoelting™ Animal Markers, Stoelting™ 50450, Standard tip, Black, Pack of 2",2,$ 347.50,https://www.fishersci.com/shop/products/animal-markers-24/10000645
Animal Care and Research,Animal Surgical Devices,10-001-083,"Stoelting™ Animal Markers, Stoelting™ 504501, Standard tip, Black, Single Packaging",1,$ 185.70,https://www.fishersci.com/shop/products/animal-markers-24/10001083
Animal Care and Research,Animal Surgical Devices,10-000-640,"Stoelting™ Animal Markers, Stoelting™ 50445, Fine tip, Blue, Pack of 3",3,$ 393.50,https://www.fishersci.com/shop/products/animal-markers-24/10000640
Animal Care and Research,Animal Surgical Devices,10-001-078,"Stoelting™ Animal Markers, Stoelting™ 504451, Fine tip, Blue, Single Packaging",1,$ 151.50,https://www.fishersci.com/shop/products/animal-markers-24/10001078
Animal Care and Research,Animal Surgical Devices,10-000-635,"Stoelting™ Animal Markers, Stoelting™ 50440, Standard tip, Blue, Pack of 2",2,$ 347.50,https://www.fishersci.com/shop/products/animal-markers-24/10000635
Animal Care and Research,Animal Surgical Devices,10-001-073,"Stoelting™ Animal Markers, Stoelting™ 504401, Standard tip, Blue, Single Packaging",1,$ 185.70,https://www.fishersci.com/shop/products/animal-markers-24/10001073
Animal Care and Research,Animal Surgical Devices,10-000-641,"Stoelting™ Animal Markers, Stoelting™ 50446, Fine tip, Green, Pack of 3",3,$ 393.50,https://www.fishersci.com/shop/products/animal-markers-24/10000641
Animal Care and Research,Animal Surgical Devices,10-001-079,"Stoelting™ Animal Markers, Stoelting™ 504461, Fine tip, Green, Single Packaging",1,$ 151.50,https://www.fishersci.com/shop/products/animal-markers-24/10001079
Animal Care and Research,Animal Surgical Devices,10-000-636,"Stoelting™ Animal Markers, Stoelting™ 50441, Standard tip, Green, Pack of 2",2,$ 329.00,https://www.fishersci.com/shop/products/animal-markers-24/10000636
Animal Care and Research,Animal Surgical Devices,10-001-074,"Stoelting™ Animal Markers, Stoelting™ 504411, Standard tip, Green, Single Packaging",1,$ 185.70,https://www.fishersci.com/shop/products/animal-markers-24/10001074
Animal Care and Research,Animal Surgical Devices,10-000-644,"Stoelting™ Animal Markers, Stoelting™ 50449, Fine tip, Orange, Pack of 3",3,$ 393.50,https://www.fishersci.com/shop/products/animal-markers-24/10000644
Animal Care and Research,Animal Surgical Devices,10-001-082,"Stoelting™ Animal Markers, Stoelting™ 504491, Fine tip, Orange, Single Packaging",1,$ 142.10,https://www.fishersci.com/shop/products/animal-markers-24/10001082
Animal Care and Research,Animal Surgical Devices,10-000-639,"Stoelting™ Animal Markers, Stoelting™ 50444, Standard tip, Orange, Pack of 2",2,$ 329.00,https://www.fishersci.com/shop/products/animal-markers-24/10000639
